<?xml version="1.0" encoding="utf-8"?>
<!--/179317/619939/2.49/15/3/Integrated Circuit/-->
<quadcept_library>
  <setting unit="mil" />
  <textstyle name="Default" height="47.244094488189" strokewidth="7.8740157480315" charwidth="47.244094488189" />
  <textstyle name="Dimension" height="19.6850393700787" strokewidth="0" charwidth="19.6850393700787" />
  <textstyle name="H127W0635TH00762" height="50" strokewidth="3" charwidth="25" />
  <textstyle name="H15W15TH02" height="59.0551181102362" strokewidth="7.8740157480315" charwidth="59.0551181102362" />
  <padstyle name="c169.5_h113" surface="False" plated="True" isvia="False" nopaste="True" nomask="True" complex="False" holesize="44.488188976377">
    <padshape layer="TOP" shape="round" width="66.732283464566" height="66.732283464566" />
    <padshape layer="TOP_SOLDER_MASK" shape="round" width="74.606299212598" height="74.606299212598" />
    <padshape layer="INNER" shape="round" width="66.732283464566" height="66.732283464566" />
    <padshape layer="BOTTOM" shape="round" width="66.732283464566" height="66.732283464566" />
    <padshape layer="BOTTOM_SOLDER_MASK" shape="round" width="74.606299212598" height="74.606299212598" />
  </padstyle>
  <padstyle name="s169.5_h113" surface="False" plated="True" isvia="False" nopaste="True" nomask="True" complex="False" holesize="44.488188976377">
    <padshape layer="TOP" shape="square" width="66.732283464566" height="66.732283464566" />
    <padshape layer="TOP_SOLDER_MASK" shape="square" width="74.606299212598" height="74.606299212598" />
    <padshape layer="INNER" shape="round" width="66.732283464566" height="66.732283464566" />
    <padshape layer="BOTTOM" shape="square" width="66.732283464566" height="66.732283464566" />
    <padshape layer="BOTTOM_SOLDER_MASK" shape="square" width="74.606299212598" height="74.606299212598" />
  </padstyle>
  <footprint name="TO127P500X2020X2210-15P" originx="0" originy="0" pickpointx="0" pickpointy="0">
    <pcbpin number="1" name="1" style="s169.5_h113" originx="0" originy="0" rotation="90" />
    <pcbpin number="2" name="3" style="c169.5_h113" originx="99.999999999999" originy="0" rotation="90" />
    <pcbpin number="3" name="5" style="c169.5_h113" originx="200" originy="0" rotation="90" />
    <pcbpin number="4" name="7" style="c169.5_h113" originx="300" originy="0" rotation="90" />
    <pcbpin number="5" name="9" style="c169.5_h113" originx="400" originy="0" rotation="90" />
    <pcbpin number="6" name="11" style="c169.5_h113" originx="499.99999999999" originy="0" rotation="90" />
    <pcbpin number="7" name="13" style="c169.5_h113" originx="599.99999999999" originy="0" rotation="90" />
    <pcbpin number="8" name="15" style="c169.5_h113" originx="699.99999999999" originy="0" rotation="90" />
    <pcbpin number="9" name="2" style="c169.5_h113" originx="49.999999999999" originy="217.71653543307" rotation="90" />
    <pcbpin number="10" name="4" style="c169.5_h113" originx="150" originy="217.71653543307" rotation="90" />
    <pcbpin number="11" name="6" style="c169.5_h113" originx="250" originy="217.71653543307" rotation="90" />
    <pcbpin number="12" name="8" style="c169.5_h113" originx="350" originy="217.71653543307" rotation="90" />
    <pcbpin number="13" name="10" style="c169.5_h113" originx="449.99999999999" originy="217.71653543307" rotation="90" />
    <pcbpin number="14" name="12" style="c169.5_h113" originx="549.99999999999" originy="217.71653543307" rotation="90" />
    <pcbpin number="15" name="14" style="c169.5_h113" originx="649.99999999999" originy="217.71653543307" rotation="90" />
    <line layer="TOP_PLACE_BOUND" originx="-57.480314960629" originy="418.50393700787" endx="757.48031496062" endy="418.50393700787" width="1.9685039370079" />
    <line layer="TOP_PLACE_BOUND" originx="757.48031496062" originy="418.50393700787" endx="757.48031496062" endy="-43.228346456692" width="1.9685039370079" />
    <line layer="TOP_PLACE_BOUND" originx="757.48031496062" originy="-43.228346456692" endx="-57.480314960629" endy="-43.228346456692" width="1.9685039370079" />
    <line layer="TOP_PLACE_BOUND" originx="-57.480314960629" originy="-43.228346456692" endx="-57.480314960629" endy="418.50393700787" width="1.9685039370079" />
    <line layer="TOP_ASSEMBLY" originx="-47.63779527559" originy="408.66141732283" endx="747.63779527558" endy="408.66141732283" width="3.9370078740157" />
    <line layer="TOP_ASSEMBLY" originx="747.63779527558" originy="408.66141732283" endx="747.63779527558" endy="211.81102362204" width="3.9370078740157" />
    <line layer="TOP_ASSEMBLY" originx="747.63779527558" originy="211.81102362204" endx="-47.63779527559" endy="211.81102362204" width="3.9370078740157" />
    <line layer="TOP_ASSEMBLY" originx="-47.63779527559" originy="211.81102362204" endx="-47.63779527559" endy="408.66141732283" width="3.9370078740157" />
    <line layer="TOP_ASSEMBLY" originx="-47.63779527559" originy="383.66141732283" endx="-22.63779527559" endy="408.66141732283" width="3.9370078740157" />
    <line layer="TOP_SILKSCREEN" originx="747.63779527558" originy="211.81102362204" endx="747.63779527558" endy="408.66141732283" width="7.8740157480314" />
    <line layer="TOP_SILKSCREEN" originx="747.63779527558" originy="408.66141732283" endx="-47.63779527559" endy="408.66141732283" width="7.8740157480314" />
    <line layer="TOP_SILKSCREEN" originx="-47.63779527559" originy="408.66141732283" endx="-47.63779527559" endy="0" width="7.8740157480314" />
  </footprint>
  <symbol name="L298N" originx="0" originy="0">
    <line originx="200" originy="100" endx="2600" endy="100" width="0" />
    <line originx="2600" originy="-800" endx="2600" endy="100" width="0" />
    <line originx="2600" originy="-800" endx="200" endy="-800" width="0" />
    <line originx="200" originy="100" endx="200" endy="-800" width="0" />
    <sympin number="1" originx="200" originy="0" rotation="180" length="100" width="7.8740157480315" flipped="False">
      <text name="pinname" originx="230" originy="0" style="Default" rotation="0" justify="left" flipped="False" hidden="False" data="CURRENT_SENSING_A" />
      <text name="pindes" originx="140" originy="20" style="Default" rotation="0" justify="lowerright" flipped="False" hidden="False" data="1" />
    </sympin>
    <sympin number="2" originx="200" originy="-100" rotation="180" length="100" width="7.8740157480315" flipped="False">
      <text name="pinname" originx="230" originy="-100" style="Default" rotation="0" justify="left" flipped="False" hidden="False" data="OUTPUT_1" />
      <text name="pindes" originx="140" originy="-80" style="Default" rotation="0" justify="lowerright" flipped="False" hidden="False" data="2" />
    </sympin>
    <sympin number="3" originx="200" originy="-200" rotation="180" length="100" width="7.8740157480315" flipped="False">
      <text name="pinname" originx="230" originy="-200" style="Default" rotation="0" justify="left" flipped="False" hidden="False" data="OUTPUT_2" />
      <text name="pindes" originx="140" originy="-180" style="Default" rotation="0" justify="lowerright" flipped="False" hidden="False" data="3" />
    </sympin>
    <sympin number="4" originx="200" originy="-300" rotation="180" length="100" width="7.8740157480315" flipped="False">
      <text name="pinname" originx="230" originy="-300" style="Default" rotation="0" justify="left" flipped="False" hidden="False" data="SUPPLY_VOLTAGE_VS" />
      <text name="pindes" originx="140" originy="-280" style="Default" rotation="0" justify="lowerright" flipped="False" hidden="False" data="4" />
    </sympin>
    <sympin number="5" originx="200" originy="-400" rotation="180" length="100" width="7.8740157480315" flipped="False">
      <text name="pinname" originx="230" originy="-400" style="Default" rotation="0" justify="left" flipped="False" hidden="False" data="INPUT_1" />
      <text name="pindes" originx="140" originy="-380" style="Default" rotation="0" justify="lowerright" flipped="False" hidden="False" data="5" />
    </sympin>
    <sympin number="6" originx="200" originy="-500" rotation="180" length="100" width="7.8740157480315" flipped="False">
      <text name="pinname" originx="230" originy="-500" style="Default" rotation="0" justify="left" flipped="False" hidden="False" data="ENABLE_A" />
      <text name="pindes" originx="140" originy="-480" style="Default" rotation="0" justify="lowerright" flipped="False" hidden="False" data="6" />
    </sympin>
    <sympin number="7" originx="200" originy="-600" rotation="180" length="100" width="7.8740157480315" flipped="False">
      <text name="pinname" originx="230" originy="-600" style="Default" rotation="0" justify="left" flipped="False" hidden="False" data="INPUT_2" />
      <text name="pindes" originx="140" originy="-580" style="Default" rotation="0" justify="lowerright" flipped="False" hidden="False" data="7" />
    </sympin>
    <sympin number="8" originx="200" originy="-700" rotation="180" length="100" width="7.8740157480315" flipped="False">
      <text name="pinname" originx="230" originy="-700" style="Default" rotation="0" justify="left" flipped="False" hidden="False" data="GND" />
      <text name="pindes" originx="140" originy="-680" style="Default" rotation="0" justify="lowerright" flipped="False" hidden="False" data="8" />
    </sympin>
    <sympin number="9" originx="2600" originy="0" rotation="0" length="100" width="7.8740157480315" flipped="False">
      <text name="pinname" originx="2570" originy="0" style="Default" rotation="0" justify="right" flipped="False" hidden="False" data="LOGIC_SUPPLY_VOLTAGE_VSS" />
      <text name="pindes" originx="2660" originy="20" style="Default" rotation="0" justify="lowerleft" flipped="False" hidden="False" data="9" />
    </sympin>
    <sympin number="10" originx="2600" originy="-100" rotation="0" length="100" width="7.8740157480315" flipped="False">
      <text name="pinname" originx="2570" originy="-100" style="Default" rotation="0" justify="right" flipped="False" hidden="False" data="INPUT_3" />
      <text name="pindes" originx="2660" originy="-80" style="Default" rotation="0" justify="lowerleft" flipped="False" hidden="False" data="10" />
    </sympin>
    <sympin number="11" originx="2600" originy="-200" rotation="0" length="100" width="7.8740157480315" flipped="False">
      <text name="pinname" originx="2570" originy="-200" style="Default" rotation="0" justify="right" flipped="False" hidden="False" data="ENABLE_B" />
      <text name="pindes" originx="2660" originy="-180" style="Default" rotation="0" justify="lowerleft" flipped="False" hidden="False" data="11" />
    </sympin>
    <sympin number="12" originx="2600" originy="-300" rotation="0" length="100" width="7.8740157480315" flipped="False">
      <text name="pinname" originx="2570" originy="-300" style="Default" rotation="0" justify="right" flipped="False" hidden="False" data="INPUT_4" />
      <text name="pindes" originx="2660" originy="-280" style="Default" rotation="0" justify="lowerleft" flipped="False" hidden="False" data="12" />
    </sympin>
    <sympin number="13" originx="2600" originy="-400" rotation="0" length="100" width="7.8740157480315" flipped="False">
      <text name="pinname" originx="2570" originy="-400" style="Default" rotation="0" justify="right" flipped="False" hidden="False" data="OUTPUT_3" />
      <text name="pindes" originx="2660" originy="-380" style="Default" rotation="0" justify="lowerleft" flipped="False" hidden="False" data="13" />
    </sympin>
    <sympin number="14" originx="2600" originy="-500" rotation="0" length="100" width="7.8740157480315" flipped="False">
      <text name="pinname" originx="2570" originy="-500" style="Default" rotation="0" justify="right" flipped="False" hidden="False" data="OUTPUT_4" />
      <text name="pindes" originx="2660" originy="-480" style="Default" rotation="0" justify="lowerleft" flipped="False" hidden="False" data="14" />
    </sympin>
    <sympin number="15" originx="2600" originy="-600" rotation="0" length="100" width="7.8740157480315" flipped="False">
      <text name="pinname" originx="2570" originy="-600" style="Default" rotation="0" justify="right" flipped="False" hidden="False" data="CURRENT_SENSING_B" />
      <text name="pindes" originx="2660" originy="-580" style="Default" rotation="0" justify="lowerleft" flipped="False" hidden="False" data="15" />
    </sympin>
  </symbol>
  <component name="L298N" designatorprefix="IC" height="196.85039370078" footprint="TO127P500X2020X2210-15P">
    <comppin designator="1" sympin="1" pinswap="0" gateswap="0" gate="1" group="1" side="" type="Input" name="CURRENT_SENSING_A" />
    <comppin designator="2" sympin="2" pinswap="0" gateswap="0" gate="1" group="1" side="" type="Output" name="OUTPUT_1" />
    <comppin designator="3" sympin="3" pinswap="0" gateswap="0" gate="1" group="1" side="" type="Output" name="OUTPUT_2" />
    <comppin designator="4" sympin="4" pinswap="0" gateswap="0" gate="1" group="1" side="" type="Power" name="SUPPLY_VOLTAGE_VS" />
    <comppin designator="5" sympin="5" pinswap="0" gateswap="0" gate="1" group="1" side="" type="Input" name="INPUT_1" />
    <comppin designator="6" sympin="6" pinswap="0" gateswap="0" gate="1" group="1" side="" type="Input" name="ENABLE_A" />
    <comppin designator="7" sympin="7" pinswap="0" gateswap="0" gate="1" group="1" side="" type="Input" name="INPUT_2" />
    <comppin designator="8" sympin="8" pinswap="0" gateswap="0" gate="1" group="1" side="" type="Ground" name="GND" />
    <comppin designator="9" sympin="9" pinswap="0" gateswap="0" gate="1" group="1" side="" type="Power" name="LOGIC_SUPPLY_VOLTAGE_VSS" />
    <comppin designator="10" sympin="10" pinswap="0" gateswap="0" gate="1" group="1" side="" type="Input" name="INPUT_3" />
    <comppin designator="11" sympin="11" pinswap="0" gateswap="0" gate="1" group="1" side="" type="Input" name="ENABLE_B" />
    <comppin designator="12" sympin="12" pinswap="0" gateswap="0" gate="1" group="1" side="" type="Input" name="INPUT_4" />
    <comppin designator="13" sympin="13" pinswap="0" gateswap="0" gate="1" group="1" side="" type="Output" name="OUTPUT_3" />
    <comppin designator="14" sympin="14" pinswap="0" gateswap="0" gate="1" group="1" side="" type="Output" name="OUTPUT_4" />
    <comppin designator="15" sympin="15" pinswap="0" gateswap="0" gate="1" group="1" side="" type="Input" name="CURRENT_SENSING_B" />
    <attached_symbol gate="1" name="L298N" />
    <pinmap designator="1" footprintpin="1" />
    <pinmap designator="2" footprintpin="2" />
    <pinmap designator="3" footprintpin="3" />
    <pinmap designator="4" footprintpin="4" />
    <pinmap designator="5" footprintpin="5" />
    <pinmap designator="6" footprintpin="6" />
    <pinmap designator="7" footprintpin="7" />
    <pinmap designator="8" footprintpin="8" />
    <pinmap designator="9" footprintpin="9" />
    <pinmap designator="10" footprintpin="10" />
    <pinmap designator="11" footprintpin="11" />
    <pinmap designator="12" footprintpin="12" />
    <pinmap designator="13" footprintpin="13" />
    <pinmap designator="14" footprintpin="14" />
    <pinmap designator="15" footprintpin="15" />
    <text name="Datasheet" originx="0" originy="0" style="Default" rotation="0" justify="" flipped="False" hidden="True" data="http://www.st.com/web/en/resource/technical/document/datasheet/CD00000240.pdf" />
    <text name="Description" originx="0" originy="0" style="Default" rotation="0" justify="" flipped="False" hidden="True" data="L298N, Full Bridge Motor Driver, 3A Dual Full Bridge Motor Driver,, 25W 4.8  46 V, 15-Pin MULTIWATT 15" />
    <text name="Manufacturer_Name" originx="0" originy="0" style="Default" rotation="0" justify="" flipped="False" hidden="True" data="STMicroelectronics" />
    <text name="Manufacturer_Part_Number" originx="2650" originy="200" style="Default" rotation="0" justify="left" flipped="False" hidden="False" data="L298N" />
    <text name="Mouser Part Number" originx="0" originy="0" style="Default" rotation="0" justify="" flipped="False" hidden="True" data="511-L298" />
    <text name="Mouser Price/Stock" originx="0" originy="0" style="Default" rotation="0" justify="" flipped="False" hidden="True" data="https://www.mouser.co.uk/ProductDetail/STMicroelectronics/L298N?qs=gr8Zi5OG3Mj6jDtNclcF9Q%3D%3D" />
    <text name="Arrow Part Number" originx="0" originy="0" style="Default" rotation="0" justify="" flipped="False" hidden="True" data="L298N" />
    <text name="Arrow Price/Stock" originx="0" originy="0" style="Default" rotation="0" justify="" flipped="False" hidden="True" data="https://www.arrow.com/en/products/l298n/stmicroelectronics" />
  </component>
</quadcept_library>
